OBJECTID,rgn_typ,rgn_id,rgn_nam,rgn_key,are_km2,AO,BD,CP,CS,CW,ECO,FIS,FP,HAB,ICO,Index_,LE,LIV,LSP,MAR,NP,SP,SPP,TR,trnd_sc,Shape__Area,Shape__Length
1,eez,1,Cocos Islands,CCK,470116.6006,96.97,90.28,97.62,92.76,88.77,100,30.28,30.28,97.59,73.23,80,96.35,92.7,0,0,0,36.61,82.97,90.33,-0.39,4.85E+11,2479766.555
2,eez,10,Nauru,NRU,310565.1472,59.2,82.94,97.09,0,44.57,72.45,70.28,70.28,91.02,68.21,66.68,74.25,76.06,0,0.05,0,34.1,74.87,71.01,-0.49,3.03E+11,2088412.759
3,eez,100,Republique du Congo,COG,39863.59682,53.71,87.2,0,0,47.51,96.45,52.09,52.09,99.09,66.3,50.95,76.53,56.61,100,0,0,83.15,75.31,7.43,0.19,40541257800,960233.3968
4,eez,101,Namibia,NAM,562727.6224,88.4,90.33,0,0,83.3,52.34,38.99,38.73,100,64.59,62.18,76.17,100,100,13.17,10.94,82.29,80.67,27.28,-0.2,6.70E+11,4124300.768
5,eez,102,South Africa,ZAF,1069377.88,77.5,88.04,99.63,99.82,54.28,100,34.45,31.64,95.16,71.1,68.77,100,100,93.23,2.11,11.81,82.16,80.92,42.84,-0.14,1.54E+12,7910920.939
6,eez,103,Sao Tome and Principe,STP,131709.1754,46.22,85.04,0,0,56.1,100,38.7,38.7,94.14,56.12,55.51,100,100,29.87,0,0,43,75.93,75.02,-0.11,1.33E+11,1827663.324
7,eez,104,Equatorial Guinea,GNQ,310365.4139,64.09,82.43,93.69,93.53,57.83,18.62,60.55,60.55,89.98,59.65,55.78,12.84,7.07,87.24,0,0,73.44,74.88,19.44,-2.15,3.05E+11,3297805.594
8,eez,105,Bouvet Island,BVT,440224.3205,84.83,94.45,0,0,98.91,0,75.37,0,100,44.7,75.14,0,0,0,0,0,22.35,88.91,0,0.61,1.29E+12,4043140.093
9,eez,106,Ghana,GHA,226758.075,47.64,83.99,99.86,99.77,31.27,100,52.75,52.75,89.66,70.58,62.17,94.68,89.35,2.7,0,60.28,36.64,78.31,14.81,0.24,2.24E+11,1985712.597
10,eez,107,Clipperton Island,CPT,433990.2908,87.47,87.7,0,0,86.16,0,94.2,94.2,100,70.5,78.16,0,0,0,0,0,35.25,75.4,0,-0.01,4.44E+11,2371093.161
11,eez,108,Bermuda,BMU,451643.0818,99.22,81.86,53.59,98.49,59.9,54.5,70.03,70.03,88.59,70.22,72.5,59.41,64.32,2.62,0,0,36.42,75.14,93.54,-0.56,6.25E+11,2815775.756
12,eez,11,Marshall Islands,MHL,2004592.565,55.03,87.62,97.18,86.66,54.45,41.65,71.39,71.39,96.99,63.76,63.5,59.46,77.26,37.84,0,3.83,50.8,78.24,68.55,-2.08,2.07E+12,6151827.6
13,eez,110,Bahamas,BHS,597705.143,90.26,87.76,55.45,99.71,61.37,96.38,63.62,63.62,85.31,73.85,78.5,83.11,69.83,92.06,0,60.77,82.96,90.2,100,-0.01,7.29E+11,6807562.965
14,eez,111,Turks and Caicos Islands,TCA,154242.0594,85.2,87.2,69.29,73.62,63.31,95.47,64.06,64.06,87.17,81.25,77.08,95.01,94.55,60.57,0.01,62.23,70.91,87.23,100,1.21,1.79E+11,1866706.919
15,eez,112,Cuba,CUB,365755.7619,89.85,84.55,67.45,100,56.9,89.44,30.33,27.14,79.88,71.56,69.15,93.02,96.59,100,2.22,82.85,85.78,89.22,3.99,0.5,4.37E+11,7831678.738
16,eez,113,Cayman Islands,CYM,119605.4659,99.62,86.44,62.85,91.27,61.67,100,26.06,26.06,85.89,71.69,67.77,100,100,31.17,0,0,51.43,86.98,98.38,-1.17,1.33E+11,1484601.196
17,eez,114,Haiti,HTI,123867.2188,50.07,78.96,65.32,95.31,37.32,93.83,12.79,12.79,75.89,72.22,51.54,96.92,100,6.98,0,35,39.6,82.02,4.08,-0.45,1.38E+11,2859585.345
18,eez,115,Dominican Republic,DOM,270774.1801,73.81,89.36,96.05,86.35,49.1,98.77,43.71,42.51,91.79,74.98,65.4,83.22,67.66,100,0.24,3.41,87.49,86.94,42.71,-1.02,3.01E+11,3682809.225
19,eez,116,Puerto Rico and Virgin Islands of the United States,PRI-VIR,212193.3294,94.23,90.47,83.46,100,54.14,92.15,50.21,50.21,94.72,71.97,73.52,73.29,54.43,71.87,0,0,71.92,86.23,43.99,0.38,2.35E+11,2800936.228
20,eez,117,British Virgin Islands,VGB,80529.49902,84.63,86.67,56.64,72.92,58.56,81.91,39.68,39.68,86.57,74.52,68.72,75.06,68.21,14.12,0,0,44.32,86.78,100,0.08,92871966628,1326408.13
21,eez,118,Anguilla,AIA,92653.58715,84.44,86.42,60.45,72.52,64.25,85.82,19.38,19.38,86.38,80.86,66.71,61.83,37.85,21.38,0,0,51.12,86.46,100,-0.19,1.02E+11,1336552.967
22,eez,119,Saint Kitts and Nevis,KNA,10262.90314,86.62,92.19,78.66,97.47,56.57,81.68,25.85,25.85,94.04,72.07,65.12,58.31,34.94,0,0,0,36.04,90.35,54.38,-0.27,12015079403,458888.3313
23,eez,12,Wake Island,UMI,409374.3183,93.71,77.15,76.21,0,71.11,69.14,84.02,84.02,78.13,56.71,79.11,73.19,77.23,100,0,0,78.35,76.18,0,-0.13,4.56E+11,2437596.353
24,eez,120,Antigua and Barbuda,ATG,108492.4162,81.33,87.7,81.46,99.94,62.06,88,29.75,29.75,88.94,73.75,79.16,94,100,78.74,0,0,76.25,86.46,100,0.2,1.19E+11,1607010.716
25,eez,121,Montserrat,MSR,7628.265231,84.67,92.47,73.25,73.44,69.44,85.66,36.44,36.44,92.89,75.33,73.15,91.01,96.36,0,0,0,37.66,92.05,100,0.28,7920777696,393874.2586
26,eez,122,Saint Lucia,LCA,15560.30727,77.84,83.02,74.64,56.54,54.59,72.74,31.67,31.67,75.18,78.07,58.77,60.26,47.78,20.21,0,0,49.14,90.86,100,-0.11,18363060900,813934.7194
27,eez,123,Dominica,DMA,28749.16949,74.9,75.21,26.53,26.7,57.74,91.17,16.98,16.98,62.03,80.2,50.54,84.28,77.38,11.74,0,0,45.97,88.4,97.13,0.36,31457160125,1379893.397
28,eez,124,Barbados,BRB,185019.8178,71.06,82.58,69.42,26.97,62.26,72.96,58.22,58.22,79.94,72.64,58.34,71.71,70.45,8.66,0,0.5,40.65,85.22,100,0.05,1.92E+11,1719284.559
29,eez,125,Grenada,GRD,26281.50662,67.47,79.29,59.84,46.96,55.54,71.11,42.3,42.3,67.69,70.09,59.98,85.55,100,16.57,0,0,43.33,90.9,59.55,0.55,27464529792,832993.2295
30,eez,126,Trinidad and Tobago,TTO,75798.46512,84.58,91.66,87.86,94.73,61.33,82.08,38.51,38.51,93.83,73.34,62.55,85.12,88.17,23.19,0,4.77,48.27,89.49,28.71,-1.91,79847322962,1713822.991
31,eez,127,Saint Vincent and the Grenadines,VCT,36510.95242,63.98,91.47,74.76,92.07,61.01,22.05,32.95,32.95,92.41,78.37,57.13,27.17,32.3,30.42,0,25.5,54.39,90.53,48.02,0.64,37323317398,959277.3221
32,eez,129,Panama,PAN,332643.5476,77.52,80.19,65.79,42.96,63.39,100,55.52,50.68,72.3,68.98,64.99,100,100,48.54,8.99,45.14,58.76,88.08,65.45,0.46,3.43E+11,4687123.39
33,eez,13,Northern Mariana Islands and Guam,MNP,976202.872,85.72,88.09,97.46,92.66,61.72,48.43,76.55,76.15,98.55,61.95,76.81,63.58,78.73,42.04,0.74,0,51.99,77.64,73.94,-0.53,1.06E+12,4166588.528
34,eez,130,Costa Rica,CRI,576132.3967,70.34,88.68,77.32,68.85,70.3,100,32.5,29,94.11,70.16,62.06,76.22,52.44,57.97,7.03,18.78,64.07,83.25,57.01,-0.03,5.81E+11,4086734.65
35,eez,131,Nicaragua,NIC,223935.2361,57.02,78.72,30.13,9.76,66.6,100,35.09,38.35,68.53,67.19,45.3,79.55,59.1,100,47.17,2.33,83.6,88.92,6.92,-0.76,2.38E+11,4788861.604
36,eez,132,Colombia,COL,730703.1023,69.2,75.82,81.32,71.51,61.14,100,30.42,28.77,65.99,67.29,56.24,80.44,60.89,66.25,0.84,2.96,66.77,85.65,24.46,-0.75,7.57E+11,7816847.809
37,eez,133,Honduras,HND,219971.1483,56.13,89.33,95.48,88.29,58.47,100,41.94,36.28,89.48,71.74,65.55,94,88.01,100,28.99,44.46,85.87,89.18,7.17,0.19,2.41E+11,2811692.19
38,eez,134,El Salvador,SLV,94238.04992,72.6,84.17,62.75,62.48,45.05,100,29.96,28.29,83.5,60.87,52.15,71.13,42.25,98.15,0.8,10.79,79.51,84.83,4.74,-0.67,97045019054,1406603.473
39,eez,135,Mexico,MEX,3284659.723,70.78,87,81.19,75.69,63.48,100,34.56,33.3,90.74,65.69,68.29,72.89,45.79,100,18.16,29.33,82.85,83.27,86.33,-0.48,3.82E+12,21124165.76
40,eez,136,Guatemala,GTM,118336.3536,58.53,90.06,96.55,96.23,32.11,100,39.42,26.84,98.52,71.98,59.04,100,100,92.51,16.31,4.01,82.24,81.6,3.87,-1.11,1.21E+11,1659903.64
41,eez,137,Ecuador,ECU,1079918.447,69.01,87.13,81.85,78.35,66.88,100,54.43,76.43,95.6,65.63,72.12,100,100,100,100,56.88,82.81,78.66,21.85,0.59,1.08E+12,6998600.227
42,eez,138,Peru,PER,838324.3625,76.28,76.38,56.18,56.07,57.16,45.42,62.74,62.42,77.75,67.82,58.16,63.12,80.82,47.34,21.47,52.22,57.58,75.01,24.2,-0.11,8.72E+11,5710828.096
43,eez,139,Venezuela,VEN,473325.1149,77.2,84.38,80.56,87.51,61.58,95.69,41.19,37.98,85.22,65.03,60.23,82.98,70.28,79.07,4.32,15.5,72.05,83.55,2.57,0.23,4.98E+11,7204005.83
44,eez,14,Taiwan,TWN,342997.0201,88.19,93.21,97.89,95.63,41.77,96.85,43.67,41.93,95.32,65.46,65.46,92.06,87.26,23.51,33.84,32.27,44.48,91.1,27.2,-0.44,3.94E+11,4456659.938
45,eez,140,Guadeloupe and Martinique,GLP-MTQ,138683.4047,87.97,92.16,96.41,99.94,71.31,32.79,18.16,18.05,94.98,75.25,72.6,65.51,98.24,100,0.18,0,87.63,89.34,34.39,0.09,1.51E+11,3343768.361
46,eez,141,Faeroe Islands,FRO,266720.4834,97.03,89.81,0,0,74.09,90.64,56.82,66.75,100,76.03,67.79,88.19,85.75,8.91,100,36.76,42.47,79.62,47.17,0.77,1.26E+12,5009341.624
47,eez,143,Iceland,ISL,752783.4147,98.1,70.65,0,0,79.3,43.77,65,65.57,60.91,58.22,69.45,64.4,85.03,39.48,100,39.08,48.85,80.39,89.63,0.39,4.18E+12,16844477.82
48,eez,144,Jan Mayen,SJM,291233.6912,96.18,56.94,0,0,92.58,90.64,65.43,65.43,37.62,75,81.14,88.19,85.75,100,0,0,87.5,76.26,0,-0.5,2.79E+12,6645052.547
49,eez,145,Greenland,GRL,2264464.44,97.03,89.54,94.69,0,94.44,100,62.05,62.05,93.72,65.46,74.23,100,100,99.34,0,0,82.4,85.37,47.93,0.06,5.77E+13,164258286.6
50,eez,146,Pitcairn,PCN,839476.2228,73.65,90.58,100,0,85.43,73.04,89.1,89.1,100,75.21,84.92,81.16,89.28,71.3,0,0,73.26,81.17,86.18,1.53,1.01E+12,3920713.07
51,eez,147,French Polynesia,PYF,4795467.775,65.95,89.53,99.57,91.63,87.02,46.41,55.48,54.18,97.59,66.96,78.14,73.2,100,0,27.11,98.03,33.48,81.48,88.85,0.28,5.39E+12,11692343.35
52,eez,148,Line Group,KIR,1655965.584,60.67,88.03,100,0,87.4,68.38,62.59,62.59,100,59.82,71.89,74.05,79.72,0,0,0,29.91,76.07,72.44,-0.86,1.67E+12,7513727.894
53,eez,149,Jarvis Island,UMI,318799.1039,93.71,83.97,0,0,98.38,0,48.7,48.7,91.24,57.35,80.69,0,0,100,0,0,78.67,76.7,0,-0.67,3.13E+11,2048144.603
54,eez,15,Philippines,PHL,1835027.879,64.44,84.81,92.39,68.68,52.6,46.76,68.02,59.46,83.59,61.88,66.25,45.21,43.67,36.82,13.84,92.37,49.35,86.03,53.2,1.18,1.95E+12,19263947.35
55,eez,150,Palmyra Atoll,UMI,353242.0592,93.71,84.54,76.42,0,92.88,0,48.96,48.96,92.7,57.02,79.17,0,0,100,0,0,78.51,76.39,0,-0.53,3.50E+11,2258667.943
56,eez,151,American Samoa,ASM,406815.936,85.86,87.96,95.63,94.17,56.59,72.76,42.16,42.16,97.82,62.32,77.3,85.98,99.2,68.81,0,0,65.56,78.1,81.81,0.44,4.30E+11,3143358.334
57,eez,152,Samoa,WSM,132305.5677,74.3,89.86,95.46,90.53,91.29,82.19,12.46,12.46,96.38,67.88,66.13,42.86,3.52,2.83,0,44.65,35.35,83.34,84.5,1.37,1.41E+11,1923599.316
58,eez,153,Cook Islands,COK,1972842.717,79.87,82.46,92.51,53.99,92.79,58.46,46.19,46.15,85.18,66.5,69.57,47.15,35.84,100,1.01,30.04,83.25,79.75,87.49,0.48,2.12E+12,7310178.931
59,eez,154,Niue,NIU,318243.7539,77.98,80.88,85.86,52.75,85.28,33.28,35.64,35.64,84.02,66.39,68.09,57.62,81.96,38.61,0,0,52.5,77.75,84.27,0.2,3.56E+11,2243702.413
60,eez,155,Tonga,TON,668054.1234,71.11,88.56,94.7,87.32,69.33,99.63,19.83,19.82,97.59,63.11,69.1,99.81,100,3.76,0.04,46.68,33.44,79.54,80.28,1.34,7.58E+11,3889367.19
61,eez,156,Tokelau,TKL,321242.3298,79.41,76.94,91.8,53.31,74.66,71.51,32.15,32.15,75.32,54.64,66.59,80.39,89.28,0,0,0,27.32,78.55,83.36,0.38,3.27E+11,2285930.81
62,eez,157,Phoenix Group,KIR,748008.706,61.78,87.16,100,0,97.97,68.84,69.08,69.08,96.64,60.92,80.67,74.66,80.47,100,0,0,80.46,77.68,74.23,-0.96,7.46E+11,3357076.896
63,eez,158,Howland Island and Baker Island,UMI,437861.7836,86.65,89.05,100,0,97.91,0,85.38,85.38,100,57.17,89.6,0,0,100,0,0,78.58,78.11,0,-0.36,4.34E+11,2384043.304
64,eez,159,Johnston Atoll,UMI,445116.5269,93.71,84.16,75.5,0,75.25,0,50.59,50.59,92.26,56.71,76.26,0,0,100,0,0,78.35,76.06,0,-0.63,4.78E+11,2461294.722
65,eez,16,Australia,AUS,6956845.813,98.21,93.39,89.4,92.92,81.33,100,48.89,40.2,94.48,84.95,79.74,95.62,91.23,100,12.41,53.63,92.48,92.29,60.19,0.07,9.15E+12,49999756.97
66,eez,161,Wallis and Futuna,WLF,262863.5972,64.92,89.81,100,0,92.54,72.79,68.84,68.84,98.48,74.84,77.4,81.04,89.28,0,0,0,37.42,81.15,84.65,0.64,2.76E+11,2345358.898
67,eez,162,New Zealand,NZL,4106953.907,95.73,87.94,68.64,64.64,79.13,100,67.97,72.29,90.16,61.74,78.94,100,100,65.21,100,57.52,63.48,85.71,100,-0.43,7.80E+12,34211683.02
68,eez,163,United States,USA,8591243.712,100,79.33,75.22,61.6,74.6,99.91,68.47,66.77,75.66,69.86,68.89,77.8,55.69,74.74,13.29,36.3,72.3,83,45.01,-0.87,2.19E+13,118306519.6
69,eez,164,Belize,BLZ,36249.8346,72.65,75.8,23.57,38.85,66.15,100,39.78,40.42,61.32,68.64,63.21,100,100,100,47.05,31.46,84.32,90.28,98.86,-0.02,39672514649,1116989.03
70,eez,166,Jamaica,JAM,246488.4477,60.46,82.36,51.67,99.07,43.23,88.69,25.31,25.31,79.01,68.81,60.62,79.89,71.09,84.02,0.01,0.5,76.41,85.72,87.32,0.14,2.69E+11,2788454.987
71,eez,167,Guyana,GUY,136909.9721,58.57,91.3,89.5,89.47,74.49,98.63,15.99,15.98,96.98,69.35,61.98,69.34,40.06,17.96,0.43,0,43.65,85.62,25.53,-0.06,1.42E+11,1704877.96
72,eez,168,Suriname,SUR,128363.0118,71.11,91.9,99.74,99.74,76.89,75.3,18.48,18.47,99.87,71.96,68.07,85.75,96.2,100,0.39,39.73,85.98,83.93,11.38,-0.49,1.30E+11,1706026.062
73,eez,169,French Guiana,GUF,136563.7759,70.41,93.74,100,100,83.16,32.26,34.91,34.91,100,77.69,71.64,47.4,62.55,100,0,0,88.84,87.49,26.32,0.18,1.38E+11,1682716.144
74,eez,17,Papua New Guinea,PNG,2407382.253,53.61,87.77,88.73,83.48,65.2,100,66.78,66.78,92,59.71,59.24,100,100,9.41,0.01,7.28,34.56,83.53,5.01,-0.54,2.45E+12,16283804.65
75,eez,171,Brazil,BRA,3672584.291,69.96,89.22,97.48,97.69,58.96,100,48.76,45.27,95.24,68.47,65.7,80.1,60.2,99.17,4.16,4.5,83.82,83.19,30,-0.14,4.00E+12,27247418.39
76,eez,172,Argentina,ARG,1083150.526,81.89,89.6,0,0,80.09,100,52.83,52.83,100,65.6,68.77,91.64,83.28,100,0.01,37.36,82.8,79.2,33.93,-0.33,2.39E+12,14332740.74
77,eez,173,Uruguay,URY,130097.9711,84.83,88.18,0,0,57.98,100,49.94,49.94,100,68.59,62.73,100,100,98.43,0,4.64,83.51,76.35,32.72,0.07,1.98E+11,2668926.905
78,eez,174,Finland,FIN,79467.8287,95.54,86.18,0,0,69.45,100,85.95,79.57,88.28,95.83,74.09,84.47,68.95,65.78,18.29,73.28,80.81,84.07,23.45,0.03,3.81E+11,7896895.074
79,eez,175,Denmark,DNK,100613.4005,98.79,90.22,100,100,53.75,71.75,60.59,59.19,96.35,90.27,75.54,71.06,70.37,100,13.15,61.01,95.13,84.1,26.26,0.23,3.18E+11,8357709.057
80,eez,176,Germany,DEU,56357.92335,97.56,87.95,100,100,49.95,100,58.62,55.15,91.26,89.84,84.86,91.86,83.72,100,10.5,73.29,94.92,84.64,97.97,0.12,1.70E+11,5420195.387
81,eez,177,Netherlands,NLD,64204.9917,98.97,81.13,100,100,45.01,80.25,62.04,58.17,78.18,72.7,75.77,66.87,53.49,100,36.75,51.26,86.35,84.08,69.92,-0.13,1.88E+11,3282518.599
82,eez,178,Poland,POL,31945.64843,90.69,70.34,59.7,60.81,42.78,100,52.88,52.88,59.27,95.45,65.41,82.32,64.64,100,0,74.74,97.73,81.4,22.15,0.99,97745985350,2204301.278
83,eez,179,France,FRA,343866.252,95.57,84.94,75.12,67.35,49.09,100,56.55,54.04,90.44,71.66,70.48,81.98,63.96,100,46.01,49.64,85.83,79.44,61.26,-0.27,7.20E+11,10008492.74
84,eez,18,Fiji,FJI,1293035.669,54.63,84.35,98.57,68.77,75.47,81.97,40.54,40.54,87.24,58.44,69.58,68.27,54.57,66.49,0.01,42.77,62.47,81.47,100,0.11,1.43E+12,8765513.245
85,eez,180,United Kingdom,GBR,723406.8079,95.99,87.24,53.85,55.43,62.98,96.43,54.22,51.46,91.67,69.62,72.41,90.22,84,100,13.52,71.42,84.81,82.81,70.69,0.18,2.46E+12,24850888.35
86,eez,181,Ireland,IRL,426441.7245,100,81.63,55.52,55.54,61.91,100,56.11,55.8,82.28,65.43,66.38,79.62,59.24,99.95,52.31,68.82,82.69,80.98,22.3,0.44,1.16E+12,8331970.992
87,eez,182,Spain,ESP,555707.2235,92.78,74.6,53.58,53.64,50.48,100,56.86,58.7,75.83,69.77,67.61,79.01,58.02,100,62.65,50.75,84.89,73.37,77.71,0.32,9.93E+11,9474083.523
88,eez,183,Portugal,PRT,311717.9927,88.17,87.1,0,0,51.12,100,53.44,51.39,97.21,66.83,78.36,93.38,86.77,100,7.42,72.27,83.42,76.99,100,1.22,5.01E+11,3437101.302
89,eez,184,Italy,ITA,538881.0005,93.21,81.86,85.65,85.04,50.16,100,49.77,43.06,93.5,70.09,79.75,87.09,74.17,100,21.03,95.63,85.05,70.22,90.76,0.51,9.03E+11,11857181.89
91,eez,186,Montenegro,MNE,7459.246585,73.07,85.39,0,0,59.5,97.58,53.12,50.77,100,62.34,55.26,79.72,61.86,0.75,4.81,0.82,31.54,70.77,61.23,0.26,14380980280,525367.694
92,eez,187,Croatia,HRV,55462.34965,73.3,88.39,0,0,63.71,100,53.43,50.83,100,61.56,71.3,80.18,60.36,98.85,24.47,33.78,80.21,76.78,100,0.07,1.11E+11,2651289.917
93,eez,188,Slovenia,SVN,186.3137803,91.05,90.9,0,0,28.16,100,42.55,31.86,100,62.62,61.61,100,100,100,15.71,29.54,81.31,81.81,40.04,-0.59,247090521.6,73366.7089
94,eez,189,Lithuania,LTU,6125.648765,92.28,73.02,0,0,45.6,100,49.29,49.29,63.15,95.45,64.3,77.69,55.38,100,0,59.49,97.73,82.9,19.27,-0.07,20231238881,852878.6284
95,eez,19,Tuvalu,TUV,751275.5256,47.82,88.37,100,0,62.92,100,67.4,67.39,100,60.74,72.55,100,100,7.11,0.18,0,33.93,76.74,79.94,0.9,7.65E+11,5495423.587
96,eez,190,Qatar,QAT,31987.67613,100,92.98,95.26,90.25,64.97,81.17,43.22,43.22,98,58.52,75.29,68.08,54.99,75.7,0,0,67.11,87.96,55.76,0.48,39372639210,1306627.596
97,eez,191,Iran,IRN,163764.7032,80.04,87.97,88.97,87.27,66.23,60.36,24.23,24.19,91.12,54.69,60.78,80.18,100,63.81,23.52,33.68,59.25,84.83,0,-1.15,2.04E+11,4602632.879
98,eez-inland,191,Iran,IRN,61035.86928,80.04,87.97,88.97,87.27,66.23,60.36,24.23,24.19,91.12,54.69,60.78,80.18,100,63.81,23.52,33.68,59.25,84.83,0,-1.15,96348926498,1546380.237
99,eez,192,Iraq,IRQ,595.8273625,64.32,82.88,82.58,82.52,41.56,71.05,29.57,29.57,83.89,46.99,54.72,85.53,100,0,0,0,23.5,81.87,0,0.12,1349250459,219683.6031
100,eez,193,Guinea Bissau,GNB,106506.6206,51.33,73.17,30.1,30.37,54.99,25.59,49.39,49.39,68.13,64.17,48.57,61,96.41,100,0,0,82.08,78.2,4.71,-0.16,1.13E+11,1962841.475
101,eez,194,Guinea,GIN,110136.2915,44.29,75.52,31.21,32.81,42.23,97.77,57.54,57.54,72.38,61.58,49.6,80.03,62.28,79.67,0,0,70.62,78.65,12.19,0.01,1.11E+11,1666965.699
102,eez,195,Ivory Coast,CIV,174842.2427,46.4,70.14,32.48,32.39,37.73,100,40.08,40.08,62.49,68.44,41.37,85.67,71.34,22.96,0,1.63,45.7,77.79,21.44,-0.36,1.77E+11,1691394.601
103,eez,196,Nigeria,NGA,182874.6608,53.06,64.77,97.26,97.1,28.1,51.3,45.45,45.45,54.78,66.9,50.65,75.65,100,8.84,0,5.37,37.87,74.76,1.89,-0.47,1.84E+11,3008960.722
104,eez,197,Cameroon,CMR,14704.25633,45.08,79.78,92.39,92.1,34.49,98.41,69.89,69.89,81.03,65.34,63.68,75.6,52.79,74.89,0,0,70.11,78.54,13.68,-0.22,16235862851,1085526.229
105,eez,198,Gabon,GAB,193292.3287,73.42,75.26,71.36,71.31,62.95,79.89,61.92,61.92,72.21,65.28,62.69,59.24,38.58,100,0,0,82.64,78.31,6.12,0.55,1.94E+11,2469666.457
106,eez,199,Democratic Republic of the Congo,COD,13265.40385,48.86,69.54,29.83,29.79,39.54,96.07,45.91,45.91,64.45,62.16,47.15,98.04,100,62.58,0,0,62.37,74.62,0.42,-0.14,13628594918,885220.4809
107,eez,2,Christmas Island,CXR,330035.5195,96.97,88.96,93.12,92.76,81.51,100,48.39,48.39,94.68,58.48,82.76,96.35,92.7,55.47,0,0,56.98,83.23,89.84,-0.25,3.34E+11,2142066.247
108,eez,20,South Korea,KOR,324993.7753,95.69,95.48,0,0,64.28,100,27.73,76.74,100,68.29,77.16,94.78,89.56,83.06,97.06,90.19,75.68,90.95,24.42,0.16,4.97E+11,7141285.354
109,eez,200,Angola,AGO,493753.3729,52.83,79.06,87.06,84.65,52.73,88.9,47.59,47.59,84.57,60.61,59.32,73.81,58.72,25.31,0,67.12,42.96,73.55,5.37,1.06,5.12E+11,4152429.718
110,eez,202,Tanzania,TZA,243129.5766,66.6,80.94,68.34,84.12,47.95,100,43.1,42.95,76.67,62.54,67.09,100,100,100,0.21,71.54,81.27,85.2,27.18,0.15,2.48E+11,2686323.397
111,eez,203,India,IND,1637705.823,50.78,89.6,97.4,86.88,22.7,100,36.32,33.21,95.33,55.7,58.68,69.42,38.83,24.25,12.15,44.23,39.98,83.87,52.59,0.19,1.75E+12,12467050.37
112,eez,204,Bangladesh,BGD,84563.25636,59.86,88.83,100,99.77,23.67,99.95,22.85,22.83,94.52,65.24,66.36,99.98,100,59.8,22.57,95.01,62.52,83.13,11.14,1.3,97752321340,2305623.839
113,eez,205,Myanmar,MMR,514147.233,49.08,88.89,92.77,89.04,46.92,94.15,10.95,10.8,93.35,58.45,62.97,97.08,100,38.73,4.57,81.46,48.59,84.44,25.05,1.19,5.60E+11,6531772.437
114,eez,206,Malaysia,MYS,451796.7016,82.9,86.87,93.73,84.45,64.15,71.55,31.92,31.44,87.3,57.38,63.51,79.4,87.24,16.33,14.6,21.58,36.86,86.45,53.72,-0.3,4.59E+11,9573675.885
115,eez,207,Vietnam,VNM,647232.0771,55.76,85.74,89.03,60.84,41.5,86.39,11.82,19.26,85.66,64.72,57.04,74.24,62.08,84.55,48.47,27.19,74.63,85.82,42.17,0.62,6.82E+11,7333558.659
116,eez,208,Singapore,SGP,762.6873317,100,80.89,82.37,83.18,47.97,100,47.14,39.9,76.16,66.68,63.18,96.36,92.71,0.79,3.32,4.63,33.73,85.62,62.8,0.05,726324675.7,208839.3044
117,eez,209,China,CHN,878363.969,81.91,81.52,69.65,52.68,29.76,99.63,33.93,76.82,74.88,61.25,60.44,96.52,93.42,10.27,100,34.65,35.76,88.17,45.09,-0.02,1.18E+12,16986990.79
118,eez,21,North Korea,PRK,115967.3029,76.99,88.09,93.56,0,50.84,48.35,10.16,32.34,96.56,64.78,58.61,70.17,91.98,0.12,52.98,83.05,32.45,79.63,0,0.54,1.98E+11,3574260.742
119,eez,210,Japan,JPN,4040612.342,93.13,90.36,99.95,95.32,62.33,100,44.83,42.25,96.05,64.89,67.59,78.29,56.58,100,34.41,8.3,82.44,84.67,23.55,-0.59,5.41E+12,31425818.72
120,eez,212,Kiribati,KIR,1055117.017,54.64,82.87,99.49,86.86,27.96,100,46.29,46.29,88.36,64.47,59.21,89.31,78.62,0,0.02,3.74,32.23,77.39,68.69,-1.32,1.05E+12,4795309.082
121,eez,214,Egypt,EGY,236612.0085,74.24,88.15,97.14,85.43,49.5,100,33.68,29.42,97.61,57.41,69.54,97.83,95.67,71.14,25.68,77.3,64.28,78.68,32.08,0.5,3.22E+11,5688581.615
123,eez,216,Indonesia,IDN,5947885.105,57.22,84.04,87.33,66.78,55.77,99.4,50,47.41,81.88,64.06,66.99,71.41,43.43,63.69,26.49,92.61,63.88,86.2,43.43,0.64,6.05E+12,55172914.93
124,eez,218,Canada,CAN,5698085.416,97.53,90.56,97.34,54.65,93.82,100,49.96,53.14,93.75,69.46,72.05,90.52,81.05,27.85,75.27,39.39,48.66,87.37,54.89,-0.31,6.71E+13,331599634
125,eez,219,Saint Pierre and Miquelon,SPM,12367.30422,98.52,90.84,0,0,83.7,64.3,56.17,56.14,100,67.7,71.3,82.12,99.95,11.99,2.39,0,39.84,81.68,47.94,-0.25,25529488773,1503570.304
126,eez,220,Sint Maarten,SXM,497.5035634,92.06,94.1,100,100,49.5,84.58,17.7,17.7,96.23,72.01,70.27,90.47,96.36,45.84,0,0,58.92,91.96,100,-1.75,614007978.5,106553.5065
127,eez,221,Northern Saint-Martin,MAF,5386.647647,87.14,95.68,95.26,100,45.39,85.28,20.23,20.23,96.65,73.09,80.12,90.82,96.36,100,0,0,86.55,94.7,100,0.08,4638461668,428819.534
128,eez,222,Sweden,SWE,154980.5133,98.02,84.88,57.96,61.31,62.81,100,77.63,76.82,86.9,89.26,69.08,100,100,83.03,3.19,17.11,86.14,82.85,45.77,0.17,6.31E+11,12914083.57
129,eez,223,Norway,NOR,1716658.865,100,86.51,53.22,0,76.89,78.64,69.88,76.29,92.89,65.03,77.45,82,85.37,88.57,100,61.29,76.8,80.14,84.07,-0.16,2.93E+13,82277036.07
130,eez,224,Chile,CHL,3657312.865,87.75,90,0,0,93.97,100,65.18,75.9,100,68.56,74.05,100,100,92.53,100,26.26,80.54,79.99,37.97,0.12,6.20E+12,53297571.68
131,eez,227,Jersey,JEY,2962.103979,96.3,82.24,54.89,54.79,52.41,88.03,59.71,59.71,81.51,75.32,68.36,86.89,85.75,83.22,0,0,79.27,82.97,48.71,0.17,6151551204,378580.6907
132,eez,228,Guernsey,GGY,8672.648861,96.3,79.66,54.38,54.3,56,88.02,62.34,62.34,76.78,75.31,65.38,86.89,85.75,23.31,0,0,49.31,82.53,49.21,0.68,20904875470,574799.9637
133,eez,231,East Timor,TLS,40225.67481,55.38,83.11,86.28,84.63,51.46,0.05,43.81,43.8,82.28,66.18,60.14,27.55,55.04,53.98,0.01,0,60.08,83.94,48.99,0.02,39943437933,1519091.214
135,eez,237,Oecussi Ambeno,TLS,2275.559626,67.71,77.34,77.82,41.85,62.57,89.49,56.2,56.2,71.49,65.86,62.56,75.72,61.96,34.45,0,0,50.16,83.18,53.65,0.44,2371080055,197116.1804
136,eez,24,Cambodia,KHM,47966.83938,66.57,88.47,78.9,75.4,52.24,100,14.79,14.91,90.23,48.73,60.42,74.55,49.11,57.13,23.38,0.4,52.93,86.71,99.81,0.12,51027144633,1181719.276
137,eez,244,Curacao,CW,30535.02072,78.33,92.24,99.96,89.91,69.16,79.96,51.23,51.23,96.93,74.15,74.51,72.71,65.45,37.63,0,35.71,55.89,87.55,100,-0.41,32058623023,1114662.609
138,eez,245,Bonaire,BQ,13391.16574,78.95,93.38,99.59,97.16,68.19,80.25,36.1,36.1,97.95,78.51,71.56,72.97,65.7,59.93,0,0,69.22,88.8,100,-1.54,14211814908,762725.213
139,eez,247,Brunei,BRN,25698.46271,100,90.04,97.36,86.88,57.09,76.37,32.83,32.51,94.29,58.7,61.86,78.55,80.74,26.13,6.16,0,42.41,85.79,33.72,-0.32,26367276735,802769.5209
140,eez,248,Saba,BES,9483.776784,79.1,97.07,100,100,62.84,79.94,20.21,20.21,100,78.94,71.63,72.62,65.3,90.02,0,0,84.48,94.14,100,-1.53,10240518594,426348.1841
141,eez,249,Sint Eustatius,ANT,2237.403647,77.95,94.3,100,100,49.41,79.57,15.62,15.62,95.45,77.59,67.69,72.27,64.97,57.13,0,0,67.36,93.15,100,-1.55,2083651050,318510.2966
142,eez,25,Thailand,THA,306890.5185,78.16,89,82.14,78.67,53.44,100,27.08,38.5,89.49,57.42,67.53,85.72,71.44,49.84,55.32,46.38,53.63,88.51,69.7,-0.14,3.16E+11,4605772.812
143,eez,250,Aruba,AW,25213.91497,92.57,93.55,99.99,99.95,57.66,100,56.39,56.39,97.95,82.76,83.04,100,100,11.82,0,0,47.29,89.15,100,-0.07,27905816234,861167.9783
144,eez,26,Andaman and Nicobar,IND,663520.4438,65.67,87.91,96.73,89.66,62.01,92.32,33.81,33.81,90.89,61.94,67.75,78.1,63.88,16.86,0,0,39.4,84.92,56.48,0.24,6.89E+11,4188525.258
145,eez,28,Comoro Islands,COM,165505.1993,43.82,88.39,82.89,86.2,36.74,92.98,31.61,31.61,93.94,62.17,57.81,92.52,92.07,0.33,0,0,31.25,82.84,26.83,-0.4,1.71E+11,2024832.116
146,eez,29,Mayotte,MYT,63362.30905,53.75,92.54,92.81,92.61,52.9,100,23.47,23.31,96.39,53.94,64.24,100,100,100,0.73,0,76.97,88.69,57.47,-2.11,65434051020,1150138.816
147,eez,3,Norfolk Island,NFK,432638.146,96.97,92.12,0,0,77.94,100,42.71,42.71,100,88.26,84.25,96.35,92.7,100,0,0,94.13,84.25,89.51,0.13,5.59E+11,2678975.786
148,eez,30,Glorioso Islands,ATF,43699.38386,53.95,91.49,92.79,0,92.24,96.7,32.84,32.84,93.9,66.51,77.37,95.05,93.4,100,0,0,83.25,89.07,0,-0.43,43697419605,834903.8377
149,eez,31,Seychelles,SYC,1340839.383,78.17,91.85,86.67,100,91.42,69.93,34.99,34.99,97.6,63.71,77.27,84.97,100,59.95,0,42.81,61.83,86.1,100,-1.2,1.35E+12,5496937.674
150,eez,32,Reunion,REU,316498.9013,53.21,89.56,92.79,0,68.19,84.6,29.04,29,96.39,74.46,61.33,72.04,59.48,18.9,0.02,0,46.68,82.73,39.18,-0.5,3.62E+11,2527000.416
151,eez,33,Juan de Nova Island,ATF,62551.23775,53.18,91.87,92.79,0,91.93,96.7,34.19,34.19,96.39,65.93,70.28,95.05,93.4,0,0,0,32.96,87.34,0,-0.46,68217729410,1104096.652
152,eez,34,Bassas da India,ATF,122177.2347,53.07,90.72,92.79,0,92.21,0,35.08,35.08,96.39,65.91,66.14,0,0,0,0,0,32.96,85.05,0,-0.76,1.38E+11,1484678.661
153,eez,35,Ile Europa,ATF,125623.8017,54.1,88.6,92.79,0,93.78,0,37.29,37.29,92.79,66.01,74.93,0,0,100,0,0,83,84.4,0,-1.05,1.47E+11,1561403.172
154,eez,36,Ile Tromelin,ATF,271996.9527,53.21,87.35,92.79,0,91.69,0,28.22,28.22,92.79,65.84,64.36,0,0,0,0,0,32.92,81.91,0,-1.69,2.93E+11,2062202.177
155,eez,37,Mauritius,MUS,1280068.387,70.9,89.29,90.07,90.32,61.29,71.24,36.59,35.48,95.18,59.27,66.47,72.2,73.17,11.11,2.17,45.58,35.19,83.4,74.39,0.14,1.39E+12,6093236.747
156,eez,38,British Indian Ocean Territory,IOT,642744.7187,59.65,94.48,100,0,93.35,96.98,34.12,34.12,100,62.79,73.15,77.11,57.24,100,0,0,81.39,88.95,45.12,-0.95,6.48E+11,2922734.262
157,eez,39,Maldives,MDV,922110.0936,61.97,90,98.66,85.66,45.35,41.09,18.85,18.85,96.75,62.88,67.57,70.54,100,4.04,0,71.81,33.46,83.25,99.35,-1.27,9.24E+11,3712357.532
158,eez,4,Macquarie Island,AUS,475287.0982,96.97,94.89,0,0,98.16,0,44.59,44.59,100,74.44,84.37,0,0,100,0,0,87.22,89.78,0,0.74,1.43E+12,4281048.1
159,eez,40,Sri Lanka,LKA,534085.4387,58,91.14,93.67,88.43,56.18,88.72,26.2,25.46,96.72,62.94,59.62,69.13,49.55,14.28,0.43,17.8,38.61,85.55,57.82,0.06,5.41E+11,4252341.431
160,eez,41,Mozambique,MOZ,574409.6124,43.49,88.23,81.3,98.85,52.71,100,16.17,16.17,90.39,63.55,60.9,100,100,85.59,0.01,35.32,74.57,86.07,18.34,0.49,6.64E+11,6386448.082
161,eez,42,Madagascar,MDG,1205824.808,43.88,85.38,78.4,65.58,57.26,100,13.37,13.12,85.9,61.71,53.76,81.04,62.08,45.25,0.95,21.48,53.48,84.87,37.96,-1.07,1.40E+12,11051223.2
162,eez,43,Kenya,KEN,112400.456,61.18,87.36,72.43,92.92,45.85,100,35.46,35.46,86.89,63.36,60.57,98.96,97.92,43.05,0,30.84,53.2,87.84,27.5,-0.99,1.13E+11,1629753.284
163,eez,44,Somalia,SOM,784501.5657,48.47,79.3,55.67,73.03,59.51,96.68,13.04,13.04,77.25,62.13,48.23,95.04,93.4,0.04,0,27.13,31.08,81.34,0,-1.39,7.93E+11,6670096.668
164,eez,45,Eritrea,ERI,78827.41485,56.72,89.96,95.85,84.56,54.6,6.69,42.61,42.61,94.74,55.2,50.64,3.43,0.16,0,0,0,27.6,85.17,51.07,-3.05,86619022472,2099289.105
165,eez,46,Djibouti,DJI,7031.124948,52.81,92.13,97.56,90.73,49.9,99.7,41.58,41.58,97.43,67.79,67.42,96.55,93.4,0,0,0,33.89,86.84,51.66,-0.34,7815714135,545183.6816
166,eez,47,Yemen,YEM,548013.9421,56.92,88.59,94.68,82.21,54.1,95.31,51.96,51.96,95.3,56.56,62.17,97.66,100,0.04,0,67.32,28.3,81.89,0,0.84,5.73E+11,5777447.738
167,eez,48,Oman,OMN,538980.2145,87.71,90.95,99.23,90.93,70.47,100,54.83,54.82,97.48,55.76,74.12,100,100,16.43,0.24,73.74,36.09,84.43,37.28,0.69,6.05E+11,5112356.617
168,eez,49,Sudan,SDN,66785.641,51.91,86.08,87.02,82.86,44.57,97.57,36.28,36.28,90.68,56.32,55.63,72.55,47.53,0,0,64.88,28.16,81.48,1.95,-0.02,76475804732,1386314.513
169,eez,5,New Caledonia,NCL,1371802.951,66.01,88.15,76.63,78.73,79.31,92.61,75.74,65.74,87.99,67.15,82.22,96.3,100,81.52,11.6,99.98,74.34,88.32,97.02,-0.05,1.59E+12,7022531.582
170,eez,50,Saudi Arabia,SAU,220338.2253,98.96,91.05,94.02,89.6,64.49,100,36,35.86,94.95,54.85,67.21,100,100,42.76,0.75,0,48.8,87.15,49.32,-1.39,2.57E+11,5952818.515
171,eez,51,Kuwait,KWT,11895.80738,100,89.83,88.17,86.81,63.18,100,32.16,32.16,94.59,54.78,71.06,100,100,61.98,0,0,58.38,85.06,21.05,-0.03,16129118786,767877.6649
172,eez,52,Bahrain,BHR,7632.780208,94.33,82.93,84.5,85.78,63.45,76.96,34.56,34.56,81.81,48.17,58.76,82.41,87.87,0,0.01,0.03,24.08,84.04,35.51,0.31,10539291666,598982.4044
173,eez,53,Pakistan,PAK,222743.9623,61.12,73.96,45.17,45,43.05,100,48.99,48.98,68.38,62.48,51.32,84.51,69.01,51.37,0.02,50.74,56.93,79.54,3.7,0.01,2.66E+11,2520114.051
174,eez,54,United Arab Emirates,ARE,54711.03493,100,93.23,93.36,91.93,72.27,100,49.57,49.25,98,56.64,75.36,100,100,79.59,0.58,26.13,68.11,88.47,59.28,-0.21,65682933478,1730398.825
175,eez,55,Azores,PRT,957293.5608,85.49,83.79,0,0,68.31,100,55.39,55.39,92.83,64.12,76.62,85.89,71.78,66.98,0,0,65.55,74.75,91.9,0.56,1.55E+12,5106963.109
176,eez,56,Cape Verde,CPV,801065.1301,51.58,89.85,0,0,59.85,100,45.59,45.59,100,69.05,68.89,100,100,1.64,0,0,35.35,79.71,100,0.1,8.58E+11,3989618.482
177,eez,57,Madeira,PRT,455144.4809,86.22,87,0,0,71.09,94.88,61.65,61.65,95.07,64.22,80.48,83.38,71.87,100,0,0,82.11,78.93,91.9,0.53,6.46E+11,3198209.484
178,eez,58,Canary Islands,ESP,450010.1233,85.47,73.85,54.01,54.06,62.12,49.44,44.21,44.21,68.02,63.76,67.56,60.59,71.73,100,0,0,81.88,79.68,91.89,-0.17,5.78E+11,4816359.507
179,eez,59,Belgium,BEL,3465.168657,96.44,92.12,100,100,31.18,100,61.37,61.37,98.88,67.84,70.9,81.6,63.2,100,0,33.92,83.92,85.35,28.42,-0.22,8538514778,385134.2987
180,eez,6,Vanuatu,VUT,622073.3036,46.63,89.53,94.08,87.5,64.71,100,33.7,33.68,95.04,58.92,70.1,100,100,1.07,0.08,54.98,29.99,84.01,99.85,0.81,6.83E+11,4725926.451
181,eez,60,Gibraltar,GIB,426.7430178,84.61,73.06,0,0,16.14,51.31,59.51,59.51,72.82,60,69.49,75.66,100,100,0,0,80,73.3,97.43,0.21,518953618.4,123675.5026
182,eez,61,Tunisia,TUN,100660.4766,74.04,86.62,0,0,50.05,100,44.01,40.98,100,68.54,59.44,83.47,66.95,37.49,5.12,40.88,53.02,73.24,46.42,-0.23,1.54E+11,3065524.74
183,eez,62,Morocco,MAR,276136.4202,65.29,87.75,0,100,52.84,100,63.19,63.17,98.01,69.12,72.31,100,100,60.16,0.18,52.19,64.64,77.49,64.93,-0.34,3.91E+11,4480849.713
184,eez,63,Western Sahara,ESH,252024.2822,55.26,88.67,0,0,72.56,100,44.33,44.33,100,70.52,63.98,97.21,94.42,54.28,0,0,62.4,77.35,27.45,-0.38,3.03E+11,2801942.437
185,eez,64,Mauritania,MRT,156197.8834,53.32,80.77,0,0,59.73,90.91,51.15,51.15,83.12,66.93,61.92,93.66,96.41,100,0,69.26,83.46,78.43,4,1.08,1.72E+11,1894851.632
186,eez,65,Gambia,GMB,22745.51915,58.01,82.13,82.08,81.91,48.03,100,64.81,64.8,84.88,76.35,68.86,100,100,36.9,0.07,0,56.62,79.39,46.17,-0.03,23936808993,1163444.179
187,eez,66,Senegal,SEN,158426.4063,53.31,70.91,30.38,33.57,45.11,99.76,64.71,64.59,62.34,71.13,58.7,99.88,100,99.21,0.51,78.11,85.17,79.49,25.96,0.47,1.67E+11,2763152.274
188,eez,67,Libya,LBY,357895.3735,60.11,81.55,0,0,57.05,97.4,42.55,42.55,100,63.26,42.41,66.41,35.43,0,0,0,31.63,63.09,0,0.05,5.09E+11,4139515.71
189,eez,68,Malta,MLT,55696.6131,93.77,81.8,88.14,88.23,45.98,100,38.61,38.16,95.61,53.46,70.75,88.6,77.21,100,37.18,6.07,76.73,67.98,100,0.07,82287232372,1395418.86
190,eez,69,Latvia,LVA,28879.56165,85.6,77.44,51.84,54.41,53.95,100,83.29,83.29,73.4,95.45,72.9,90.8,81.59,100,0,89.88,97.73,81.49,44.06,1.65,96250217414,2099234.296
191,eez,7,Solomon Islands,SLB,1609756.608,45.34,84.03,79.54,72.99,72.47,100,43.54,43.54,83.87,61.15,65.45,100,100,9.16,0,74.06,35.15,84.19,47.38,1.28,1.66E+12,9014599.208
192,eez,70,Estonia,EST,36346.38091,92.27,89.51,100,100,72.08,100,86.8,86.8,94.79,95,75.92,75.6,51.2,100,0,0.92,97.5,84.23,44.47,-1.4,1.37E+11,3728522.988
193,eez,71,Bulgaria,BGR,35171.85484,78.4,92.21,0,0,41.91,100,56.5,51.85,100,62.39,60.86,71.7,43.4,100,26.19,40.73,81.2,84.43,28.85,0.14,64848811646,1172662.576
194,eez,72,Romania,ROU,29726.44905,84.02,91.33,0,0,56.05,100,56.5,56.21,100,63.37,61.57,90.14,80.28,100,0.3,9.36,81.68,82.66,23.79,0.37,60286481649,1224988.421
195,eez,73,Russia,RUS,7613131.627,85.21,91.78,85.67,100,80.95,100,38.95,39,100,76.43,74.27,93.11,86.22,92.16,72.02,80.36,84.3,83.57,2.36,0.68,1.02E+14,227659230.9
196,eez-inland,73,Russia,RUS,60169.39156,85.21,91.78,85.67,100,80.95,100,38.95,39,100,76.43,74.27,93.11,86.22,92.16,72.02,80.36,84.3,83.57,2.36,0.68,1.16E+11,1991771.998
197,eez,74,Georgia,GEO,22907.0423,74.84,89.75,0,0,53.61,100,56.74,56.74,100,62.53,72.26,99.53,99.06,22.3,0,77.8,42.42,79.5,83.41,2.33,41325720946,897055.4796
198,eez,75,Ukraine,UKR,134873.1575,65.18,86.3,84.79,84.79,58.83,100,54.51,54.51,94.28,61.6,60.32,80.81,61.62,51.32,0.73,21.16,56.46,78.32,10.36,-1.46,2.69E+11,5551716.047
199,eez,76,Turkey,TUR,255925.8827,85.29,88.14,0,0,49.98,100,52.88,46.39,98.51,60.76,56.23,100,100,6.6,14.25,43.31,33.68,77.77,3.02,-0.72,4.35E+11,10001733
200,eez,77,Syria,SYR,10203.61122,83.9,82.66,0,0,38.33,100,46.52,46.52,98.18,56.62,48.41,100,100,0,0,7.58,28.31,67.15,0,-1.84,15615435012,551817.6486
201,eez,78,Lebanon,LBN,19315.84413,68.79,82.87,0,0,30.05,100,41.58,41.58,98.42,57.14,46.25,83.13,66.26,4.21,0,16.45,30.68,67.31,16.47,-0.7,27939452275,727936.1051
202,eez,79,Israel,ISR,27855.05478,93.44,83.37,91.23,91.23,32.9,100,50.71,43.12,95.61,62.16,59.54,100,100,9.27,0.85,6.45,35.72,71.13,17.91,-0.69,38572953551,782720.3232
203,eez,8,Palau,PLW,608166.959,59.93,84.84,91.71,64.55,75.01,100,60.54,60.42,87.93,62.08,64,83.22,66.44,28.2,1.64,0.07,45.14,81.75,75.14,-0.96,6.15E+11,3188013.616
204,eez,80,Greece,GRC,494172.4497,83.39,86.58,0,0,61.27,66.24,52.86,43.88,100,67.76,66.73,64.35,62.45,98.41,29.25,11.27,83.08,73.17,100,-1.17,7.71E+11,11453212.73
205,eez,81,Cyprus,CYP,98279.50471,93.33,84.3,0,0,53.2,69.12,53.69,36.34,100,58.24,55.62,66.89,64.67,23.34,14.43,0.6,40.79,68.59,69.52,-0.04,1.45E+11,2314223.929
206,eez,82,Albania,ALB,11199.39181,75.53,86.73,0,0,57.28,100,46.17,43.73,100,62.61,61.88,100,100,70.66,2.59,3.17,66.63,73.47,61.95,0.33,20389985806,896436.641
207,eez,84,Algeria,DZA,128992.9923,75.44,79.91,0,0,40.47,100,61.23,61.05,96.79,62.16,51.17,100,100,6.23,0.09,0,34.19,63.03,18.32,-0.18,2.06E+11,2900958.661
208,eez,85,Ascension,ASC,444512.2526,97.04,88.46,0,0,87.93,89.7,48.31,48.31,95.54,61.84,70.84,87.73,85.75,27.94,0,0,44.89,81.38,41.52,0.58,4.48E+11,2382938.683
209,eez,86,Saint Helena,SHN,447451.2227,97.04,89.32,0,0,93.56,25.57,42.15,42.15,94.69,61.98,62.71,44.02,62.48,0,0,0,30.99,83.96,41.89,0.08,4.79E+11,2464056.097
210,eez,88,Tristan da Cunha,TAA,755781.9018,97.04,87.03,0,0,89.26,90.04,36.17,36.17,97.19,62.2,67.17,87.9,85.75,0,0,0,31.1,76.87,41.66,0.37,1.23E+12,4178399.539
211,eez,89,South Georgia and the South Sandwich Islands,SGS,1445884.278,90.29,94.55,0,0,98.89,0,49.69,49.69,100,71.79,83.86,0,0,100,0,0,85.9,89.1,0,0.22,4.64E+12,9980461.186
212,eez,9,Micronesia,FSM,3011912.452,47.36,87.67,97.61,92.81,57.62,48.88,54.48,54.48,97.45,56.54,62.76,62.89,76.91,3.31,0,28.21,29.93,77.9,69.01,-0.33,3.05E+12,9007428.294
213,eez,90,Prince Edward Islands,ZAF,473182.389,82.79,91.39,0,0,84.71,0,46.8,46.8,100,50.58,76.2,0,0,100,0,0,75.29,82.77,0,0.51,1.00E+12,3646532.229
214,eez,91,Crozet Islands,ATF,574392.107,90.01,86.15,0,0,96.69,0,39.38,39.38,0,51.34,77.58,0,0,100,0,0,75.67,86.15,0,0.24,1.20E+12,4024524.563
215,eez,92,Amsterdam Island and Saint Paul Island,ATF,509821.9371,89.77,89.4,0,0,90.84,0,32.9,32.9,100,51.06,75.69,0,0,100,0,0,75.53,78.8,0,-1.73,8.21E+11,3232928.304
216,eez,93,Kerguelen Islands,ATF,567172.3566,89.95,93.84,0,0,98.78,0,91.4,91.4,100,51.38,89.93,0,0,100,0,0,75.69,87.69,0,0.52,1.31E+12,5698198.833
217,eez,94,Heard and McDonald Islands,HMD,416111.0094,90.73,95.3,0,0,99.71,0,93.25,93.25,100,44.69,90.27,0,0,100,0,0,72.35,90.6,0,0.25,1.17E+12,4146379.136
218,eez,95,Falkland Islands,FLK,549091.665,97.04,93.44,0,0,98.96,17.85,76.3,76.3,100,71.86,71.78,40.63,63.41,2.78,0,0,37.32,86.88,58.75,-0.04,1.43E+12,6944575.29
219,eez,96,Sierra Leone,SLE,160452.574,57.66,66.74,31.55,32.61,42.05,97.96,78.03,78.03,55.94,63.22,47.53,75.91,53.86,1.54,0,0,32.38,77.53,10.88,0.36,1.65E+11,2014262.514
220,eez,97,Liberia,LBR,247767.679,42.66,73.13,34.56,34.5,48.38,100,53.47,53.47,68.57,66.65,52.86,100,100,41.2,0,0,53.93,77.7,35.09,0.7,2.47E+11,2059416.61
221,eez,98,Togo,TGO,15521.31015,43.07,78.65,99.33,99.13,15.08,100,47.86,47.86,82.07,69.45,59.84,100,100,0,0,0,34.73,75.23,20.74,-0.08,15902188880,828337.7571
222,eez,99,Benin,BEN,30419.26863,44.29,80.74,99.92,99.8,16.67,100,44.22,44.22,84.58,68.58,55.23,66.9,33.79,0,0,0,34.29,76.89,10.23,0.02,30831857560,899824.717
